Workbook
Name SegmentaçãodeDados_Região: #N/A
Name SegmentaçãodeDados_Vendedor: #N/A
Name SegmentaçãodeDados_Vendedor1: #N/A

Sheet Base de Dados
A1: ID Pedido | B1: Data | C1: Vendedor | D1: Região | E1: Produto | F1: Categoria | G1: Qtd | H1: Preço Unit (R$) | I1: Desconto (%) | J1: Total (R$) | K1: Status
A2: PED-0001 | B2: 45383 | C2: Pedro Alves | D2: Sudeste | E2: Mouse Logitech MX | F2: Periféricos | G2: 4 | H2: 271.12 | I2: 0 | J2: =G2*H2*(1-I2/100) -> 1084.48 | K2: Cancelado
A3: PED-0002 | B3: 45370 | C3: João Silva | D3: Norte | E3: Notebook Dell Inspiron | F3: Eletrônicos | G3: 2 | H3: 3054.91 | I3: 10 | J3: =G3*H3*(1-I3/100) -> 5498.838 | K3: Concluído
A4: PED-0003 | B4: 45309 | C4: Carlos Souza | D4: Nordeste | E4: Headset Sony | F4: Eletrônicos | G4: 4 | H4: 526.4 | I4: 0 | J4: =G4*H4*(1-I4/100) -> 2105.6 | K4: Concluído
A5: PED-0004 | B5: 45466 | C5: João Silva | D5: Sudeste | E5: Cadeira Gamer | F5: Móveis | G5: 3 | H5: 1716.89 | I5: 20 | J5: =G5*H5*(1-I5/100) -> 4120.536 | K5: Concluído
A6: PED-0005 | B6: 45385 | C6: João Silva | D6: Norte | E6: Mesa Escritório L | F6: Móveis | G6: 14 | H6: 1183.19 | I6: 0 | J6: =G6*H6*(1-I6/100) -> 16564.66 | K6: Concluído
A7: PED-0006 | B7: 45734 | C7: Ana Lima | D7: Centro-Oeste | E7: Monitor LG 24" | F7: Eletrônicos | G7: 9 | H7: 924.63 | I7: 15 | J7: =G7*H7*(1-I7/100) -> 7073.4195 | K7: Cancelado
A8: PED-0007 | B8: 45645 | C8: Carlos Souza | D8: Norte | E8: Notebook Dell Inspiron | F8: Eletrônicos | G8: 11 | H8: 3062.32 | I8: 0 | J8: =G8*H8*(1-I8/100) -> 33685.52 | K8: Concluído
A9: PED-0008 | B9: 45532 | C9: Ana Lima | D9: Centro-Oeste | E9: Cadeira Gamer | F9: Móveis | G9: 8 | H9: 1906.06 | I9: 0 | J9: =G9*H9*(1-I9/100) -> 15248.48 | K9: Concluído
A10: PED-0009 | B10: 45638 | C10: Carlos Souza | D10: Sudeste | E10: Cabo HDMI 2m | F10: Acessórios | G10: 15 | H10: 48.19 | I10: 0 | J10: =G10*H10*(1-I10/100) -> 722.85 | K10: Cancelado
A11: PED-0010 | B11: 45461 | C11: Pedro Alves | D11: Sul | E11: Teclado Mecânico | F11: Periféricos | G11: 8 | H11: 378.05 | I11: 15 | J11: =G11*H11*(1-I11/100) -> 2570.74 | K11: Cancelado
A12: PED-0011 | B12: 45526 | C12: Fernanda Costa | D12: Norte | E12: Mouse Logitech MX | F12: Periféricos | G12: 14 | H12: 263.33 | I12: 0 | J12: =G12*H12*(1-I12/100) -> 3686.62 | K12: Pendente
A13: PED-0012 | B13: 45538 | C13: Carlos Souza | D13: Nordeste | E13: Cabo HDMI 2m | F13: Acessórios | G13: 6 | H13: 42.89 | I13: 5 | J13: =G13*H13*(1-I13/100) -> 244.473 | K13: Pendente
... A201: PED-0200 | B201: 45423 | C201: Ana Lima | D201: Nordeste | E201: Impressora HP | F201: Eletrônicos | G201: 3 | H201: 880.77 | I201: 0 | J201: =G201*H201*(1-I201/100) -> 2642.31 | K201: Pendente

Sheet Tabelas Dinâmicas (Bruto)
A1: Tabela Região x Categoria (Bruto)
B2: Rótulos de Coluna
B3: Acessórios | D3: Armazenamento | F3: Eletrônicos | H3: Móveis | J3: Periféricos | L3: Total Total (R$) | M3: Total Quantidade
A4: Rótulos de Linha | B4: Total (R$) | C4: Quantidade | D4: Total (R$) | E4: Quantidade | F4: Total (R$) | G4: Quantidade | H4: Total (R$) | I4: Quantidade | J4: Total (R$) | K4: Quantidade | Q4: ANA
A5: Centro-Oeste | B5: 707.2275 | C5: 15 | D5: 17809.012 | E5: 50 | F5: 101810.15 | G5: 76 | H5: 114364.62 | I5: 74 | J5: 28914.016 | K5: 100 | L5: 263605.03 | M5: 315
A6: Nordeste | B6: 1551.9 | C6: 36 | D6: 12736.994 | E6: 38 | F6: 271739.38 | G6: 152 | H6: 93017.861 | I6: 62 | J6: 25936.605 | K6: 85 | L6: 404982.74 | M6: 373
A7: Norte | B7: 115.0305 | C7: 3 | D7: 20261.006 | E7: 54 | F7: 187471.12 | G7: 122 | H7: 64744.1 | I7: 48 | J7: 16514.507 | K7: 53 | L7: 289105.76 | M7: 280
A8: Sudeste | B8: 1159.275 | C8: 25 | D8: 24650.724 | E8: 63 | F8: 75135.329 | G8: 71 | H8: 52069.925 | I8: 31 | J8: 24047.557 | K8: 79 | L8: 177062.81 | M8: 269
A9: Sul | B9: 818.14 | C9: 19 | D9: 26749.057 | E9: 75 | F9: 79993.301 | G9: 104 | H9: 63678.331 | I9: 45 | J9: 27387.702 | K9: 84 | L9: 198626.53 | M9: 327
A10: Total Geral | B10: 4351.573 | C10: 98 | D10: 102206.79 | E10: 280 | F10: 716149.28 | G10: 525 | H10: 387874.84 | I10: 260 | J10: 122800.39 | K10: 401 | L10: 1333382.9 | M10: 1564
A12: Tabela Quantidade | G12: Comparação Anos
A13: Rótulos de Linha | B13: Total (R$) | C13: Quantidade total | G13: Rótulos de Linha | H13: Quantidade total | I13: Total (R$)
A14: Ana Lima | B14: 318416.42 | C14: 305 | G14: 2024 | H14: 962 | I14: 720156.59
A15: Pedro Alves | B15: 260929.62 | C15: 319 | G15: 2025 | H15: 602 | I15: 613226.28
A16: João Silva | B16: 225899.9 | C16: 297
A17: Mariana Rocha | B17: 191125.76 | C17: 208
A18: Fernanda Costa | B18: 188663.66 | C18: 240
A19: Carlos Souza | B19: 148347.51 | C19: 195

Sheet Consultas x Gráficos
A1: Consulta ID | D1: Consulta Vendedor | I1: Ana Lima | M1: Teclado Mecânico | N1: 8
A2: ID | B2: PED-0200 | D2: Vendendor | F2: João Silva | I2: Pedro Alves | J2: Sudeste | K2: Periféricos | M2: Headset Sony | N2: 10 | U2: Consulta Vendedor
A3: Produto | B3: =VLOOKUP($B$2,'Base de Dados'!$A$2:$K$201,5,0) -> Impressora HP | D3: Região | E3: Categoria | F3: Total (R$) | I3: João Silva | J3: Norte | K3: Eletrônicos | M3: Mesa Escritório L | N3: 12 | Q3: Soma de Total (R$) | R3: Rótulos de Coluna | U3: Vendendor | W3: João Silva
A4: Categoria | B4: =VLOOKUP($B$2,'Base de Dados'!$A$2:$K$201,6,0) -> Eletrônicos | D4: Sudeste | E4: Periféricos | F4: =SUMIFS('Base de Dados'!$J$2:$J$1048576,'Base de Dados'!$F$2:$F$1048576,'Consultas x Gráficos'!E4,'Base de Dados'!$D$2:$D$1048576,'Consultas x Gráficos'!D4,'Base de Dados'!$C$2:$C$1048576,'Consultas x Gráficos'!$F$2) -> 3797.87 | I4: Carlos Souza | J4: Nordeste | K4: Móveis | M4: Cabo HDMI 2m | N4: 13 | Q4: Rótulos de Linha | R4: 2024 | S4: 2025 | U4: Região | V4: Total (R$)
A5: Vendedor | B5: =VLOOKUP($B$2,'Base de Dados'!$A$2:$K$201,3,0) -> Ana Lima | D5: Norte | E5: Eletrônicos | F5: =SUMIFS('Base de Dados'!$J$2:$J$1048576,'Base de Dados'!$F$2:$F$1048576,'Consultas x Gráficos'!E5,'Base de Dados'!$D$2:$D$1048576,'Consultas x Gráficos'!D5,'Base de Dados'!$C$2:$C$1048576,'Consultas x Gráficos'!$F$2) -> 30428.613 | I5: Mariana Rocha | J5: Centro-Oeste | K5: Acessórios | M5: HD Externo 1TB | N5: 14 | Q5: jan | R5: 18042.28 | S5: 45116.189 | U5: Sudeste | V5: =SUMIFS('Base de Dados'!J:J,'Base de Dados'!D:D,'Consultas x Gráficos'!U5,'Base de Dados'!C:C,'Consultas x Gráficos'!$W$3) -> 81775.631
A6: Região | B6: =VLOOKUP($B$2,'Base de Dados'!$A$2:$K$201,4,0) -> Nordeste | D6: Nordeste | E6: Móveis | F6: =SUMIFS('Base de Dados'!$J$2:$J$1048576,'Base de Dados'!$F$2:$F$1048576,'Consultas x Gráficos'!E6,'Base de Dados'!$D$2:$D$1048576,'Consultas x Gráficos'!D6,'Base de Dados'!$C$2:$C$1048576,'Consultas x Gráficos'!$F$2) -> 9934.46 | I6: Fernanda Costa | J6: Sul | K6: Armazenamento | M6: Webcam Logitech | N6: 17 | Q6: fev | R6: 39309.515 | S6: 220186.94 | U6: Norte | V6: =SUMIFS('Base de Dados'!J:J,'Base de Dados'!D:D,'Consultas x Gráficos'!U6,'Base de Dados'!C:C,'Consultas x Gráficos'!$W$3) -> 53386.064
A7: Total | B7: =VLOOKUP($B$2,'Base de Dados'!$A$2:$K$201,10,0) -> 2642.31 | D7: Centro-Oeste | E7: Acessórios | F7: =SUMIFS('Base de Dados'!$J$2:$J$1048576,'Base de Dados'!$F$2:$F$1048576,'Consultas x Gráficos'!E7,'Base de Dados'!$D$2:$D$1048576,'Consultas x Gráficos'!D7,'Base de Dados'!$C$2:$C$1048576,'Consultas x Gráficos'!$F$2) -> 0 | M7: Notebook Dell Inspiron | N7: 19 | Q7: mar | R7: 52435.959 | S7: 136910.53 | U7: Nordeste | V7: =SUMIFS('Base de Dados'!J:J,'Base de Dados'!D:D,'Consultas x Gráficos'!U7,'Base de Dados'!C:C,'Consultas x Gráficos'!$W$3) -> 25932.548
A8: Tipo | B8: =IF(B7<6000,"Pedido Pequeno",IF(B7>10000,"Pedido Grande","Pedido Médio")) -> Pedido Pequeno | D8: Sul | E8: Armazenamento | F8: =SUMIFS('Base de Dados'!$J$2:$J$1048576,'Base de Dados'!$F$2:$F$1048576,'Consultas x Gráficos'!E8,'Base de Dados'!$D$2:$D$1048576,'Consultas x Gráficos'!D8,'Base de Dados'!$C$2:$C$1048576,'Consultas x Gráficos'!$F$2) -> 3256.0965 | M8: SSD 500GB | N8: 19 | Q8: abr | R8: 70608.107 | S8: 89346.897 | U8: Centro-Oeste | V8: =SUMIFS('Base de Dados'!J:J,'Base de Dados'!D:D,'Consultas x Gráficos'!U8,'Base de Dados'!C:C,'Consultas x Gráficos'!$W$3) -> 55089.655
M9: Monitor LG 24" | N9: 20 | Q9: mai | R9: 31552.357 | S9: 72944.362 | U9: Sul | V9: =SUMIFS('Base de Dados'!J:J,'Base de Dados'!D:D,'Consultas x Gráficos'!U9,'Base de Dados'!C:C,'Consultas x Gráficos'!$W$3) -> 9716.004
A10: Consulta Pedidos (QTD) | M10: Cadeira Gamer | N10: 22 | Q10: jun | R10: 79440.889 | S10: 48721.36
A11: Região | B11: Categoria | C11: QTD | M11: Impressora HP | N11: 22 | Q11: jul | R11: 72486.905
A12: Sul | B12: Eletrônicos | C12: =COUNTIFS('Base de Dados'!D:D,'Consultas x Gráficos'!A12,'Base de Dados'!F:F,'Consultas x Gráficos'!B12) -> 15 | M12: Mouse Logitech MX | N12: 24 | Q12: ago | R12: 58852.45
Q13: set | R13: 100908.97 | U13: Consulta Id
Q14: out | R14: 70044.423 | U14: ID | V14: PED-0017
Q15: nov | R15: 35560.649 | U15: Produto | V15: =VLOOKUP($V$14,'Base de Dados'!$A$2:$K$201,5,0) -> Monitor LG 24"
Q16: dez | R16: 90914.081 | U16: Categoria | V16: =VLOOKUP($V$14,'Base de Dados'!$A$2:$K$201,6,0) -> Eletrônicos
H17: Carlos Souza | I17: 26 | J17: Carlos Souza | K17: 148347.51 | U17: Vendedor | V17: =VLOOKUP($V$14,'Base de Dados'!$A$2:$K$201,3,0) -> Pedro Alves
H18: Fernanda Costa | I18: 28 | J18: Fernanda Costa | K18: 188663.66 | U18: Região | V18: =VLOOKUP($B$2,'Base de Dados'!$A$2:$K$201,4,0) -> Nordeste
H19: Mariana Rocha | I19: 29 | J19: Mariana Rocha | K19: 191125.76 | U19: Tipo | V19: =IF(V20<6000,"Pedido Pequeno",IF(V20>10000,"Pedido Grande","Pedido Médio")) -> Pedido Pequeno
C20: Rótulos de Linha | D20: Soma de Total (R$) | H20: Ana Lima | I20: 33 | J20: João Silva | K20: 225899.9 | U20: Total | V20: =VLOOKUP($B$2,'Base de Dados'!$A$2:$K$201,10,0) -> 2642.31
C21: Centro-Oeste | D21: 27463.858 | H21: João Silva | I21: 42 | J21: Pedro Alves | K21: 260929.62 | U21: Status | V21: =VLOOKUP(V14,'Base de Dados'!A:K,11,0) -> Concluído
C22: Nordeste | D22: 17488.249 | H22: Pedro Alves | I22: 42 | J22: Ana Lima | K22: 318416.42
C23: Norte | D23: 57651.74
C24: Sudeste | D24: 20870.103
C25: Sul | D25: 24873.555
C26: Total Geral | D26: 148347.51

Sheet Dashboard
D5: Receita Total | S5: Ticket Médio | AH5: Total Pedidos | AW5: % Cancelados
D10: =SUMIFS('Base de Dados'!J:J,'Base de Dados'!K:K,"Concluído") -> 910377.05 | S10: =SUMIFS('Base de Dados'!J:J,'Base de Dados'!K:K,"Concluído")/COUNTIF('Base de Dados'!K:K,"Concluído") -> 7002.9004 | AH10: =COUNTIF('Base de Dados'!K:K,"Concluído") -> 130 | AW10: =COUNTIF('Base de Dados'!K:K,"Cancelado")/COUNTA('Base de Dados'!K:K) -> 0.18905473
